{
  "Player": {
    "open": true,
    "visible": true,
    "posX": 480,
    "posY": 192,
    "AntiAFK": {
      "Settings": false
    },
    "AntiCactus": {
      "Settings": false
    },
    "AntiVoid": {
      "Settings": false
    },
    "AutoFish": {
      "Settings": true
    },
    "AutoPitFix": {
      "Settings": false
    },
    "AutoRespawn": {
      "Settings": false
    },
    "AutoTool": {
      "Settings": true
    },
    "Blink": {
      "Settings": false
    },
    "Eagle": {
      "Settings": false
    },
    "FastUse": {
      "Settings": false
    },
    "Gapple": {
      "Settings": true
    },
    "Heal": {
      "Settings": false
    },
    "InvManager": {
      "Settings": false
    },
    "KeepAlive": {
      "Settings": false
    },
    "NoFall": {
      "Settings": false
    },
    "PotionSaver": {
      "Settings": true
    },
    "Reach": {
      "Settings": true
    },
    "Regen": {
      "Settings": false
    },
    "Zoot": {
      "Settings": false
    }
  },
  "Movement": {
    "open": true,
    "visible": true,
    "posX": 605,
    "posY": 19,
    "AirJump": {
      "Settings": true
    },
    "AirLadder": {
      "Settings": false
    },
    "AutoWalk": {
      "Settings": false
    },
    "BlockWalk": {
      "Settings": true
    },
    "BowJump": {
      "Settings": false
    },
    "BufferSpeed": {
      "Settings": false
    },
    "FastClimb": {
      "Settings": false
    },
    "FastStairs": {
      "Settings": false
    },
    "Fly": {
      "Settings": false
    },
    "Freeze": {
      "Settings": false
    },
    "HighJump": {
      "Settings": false
    },
    "IceSpeed": {
      "Settings": false
    },
    "InvMove": {
      "Settings": false
    },
    "KeepSprint": {
      "Settings": false
    },
    "LadderJump": {
      "Settings": false
    },
    "LiquidWalk": {
      "Settings": false
    },
    "LongJump": {
      "Settings": false
    },
    "NoClip": {
      "Settings": true
    },
    "NoJumpDelay": {
      "Settings": false
    },
    "NoSlow": {
      "Settings": false
    },
    "NoWeb": {
      "Settings": false
    },
    "Parkour": {
      "Settings": false
    },
    "PerfectHorseJump": {
      "Settings": false
    },
    "ReverseStep": {
      "Settings": false
    },
    "SafeWalk": {
      "Settings": false
    },
    "SlimeJump": {
      "Settings": false
    },
    "Sneak": {
      "Settings": false
    },
    "Speed": {
      "Settings": false
    },
    "Sprint": {
      "Settings": false
    },
    "Step": {
      "Settings": false
    },
    "Strafe": {
      "Settings": false
    },
    "TargetStrafe": {
      "Settings": false
    },
    "VulCanNoSlow": {
      "Settings": false
    },
    "WallClimb": {
      "Settings": false
    },
    "WaterSpeed": {
      "Settings": false
    }
  },
  "Render": {
    "open": false,
    "visible": true,
    "posX": 72,
    "posY": 12,
    "Animations": {
      "Settings": false
    },
    "AntiBlind": {
      "Settings": false
    },
    "AsianHat": {
      "Settings": false
    },
    "BetterFPS": {
      "Settings": false
    },
    "BlockESP": {
      "Settings": false
    },
    "BlockOverlay": {
      "Settings": false
    },
    "Breadcrumbs": {
      "Settings": false
    },
    "CameraClip": {
      "Settings": false
    },
    "Cape": {
      "Settings": false
    },
    "Chams": {
      "Settings": false
    },
    "ClickGUI": {
      "Settings": false
    },
    "Crosshair": {
      "Settings": false
    },
    "DamageParticle": {
      "Settings": false
    },
    "ESP": {
      "Settings": false
    },
    "ESP2D": {
      "Settings": false
    },
    "EnchantEffect": {
      "Settings": false
    },
    "FPSHurtCam": {
      "Settings": false
    },
    "FreeCam": {
      "Settings": false
    },
    "Fullbright": {
      "Settings": false
    },
    "HUD": {
      "Settings": false
    },
    "ItemESP": {
      "Settings": false
    },
    "ItemPhysics": {
      "Settings": false
    },
    "NameTags": {
      "Settings": false
    },
    "NewGUI": {
      "Settings": false
    },
    "NoAchievements": {
      "Settings": false
    },
    "NoFOV": {
      "Settings": false
    },
    "NoHurtCam": {
      "Settings": false
    },
    "NoRender": {
      "Settings": false
    },
    "PointerESP": {
      "Settings": false
    },
    "Projectiles": {
      "Settings": false
    },
    "ProphuntESP": {
      "Settings": false
    },
    "Rotations": {
      "Settings": false
    },
    "SessionInfo": {
      "Settings": false
    },
    "Skeletal": {
      "Settings": false
    },
    "StorageESP": {
      "Settings": false
    },
    "SuperheroFX": {
      "Settings": false
    },
    "TNTESP": {
      "Settings": false
    },
    "TargetMark": {
      "Settings": false
    },
    "Tracers": {
      "Settings": false
    },
    "TrueSight": {
      "Settings": false
    },
    "XRay": {
      "Settings": false
    }
  },
  "World": {
    "open": true,
    "visible": true,
    "posX": 1082,
    "posY": 67,
    "Ambience": {
      "Settings": false
    },
    "AutoBreak": {
      "Settings": false
    },
    "ChestAura": {
      "Settings": false
    },
    "ChestStealer": {
      "Settings": false
    },
    "CivBreak": {
      "Settings": false
    },
    "FastBreak": {
      "Settings": false
    },
    "FastPlace": {
      "Settings": false
    },
    "Fucker": {
      "Settings": false
    },
    "Lightning": {
      "Settings": false
    },
    "Liquids": {
      "Settings": false
    },
    "NoSlowBreak": {
      "Settings": true
    },
    "Nuker": {
      "Settings": false
    },
    "Scaffold": {
      "Settings": true
    },
    "SpeedMine": {
      "Settings": true
    },
    "Timer": {
      "Settings": false
    }
  },
  "Misc": {
    "open": false,
    "visible": true,
    "posX": 423,
    "posY": 185,
    "AntiBan": {
      "Settings": true
    },
    "AntiBot": {
      "Settings": false
    },
    "AntiDesync": {
      "Settings": true
    },
    "AntiExploit": {
      "Settings": true
    },
    "AntiVanish": {
      "Settings": false
    },
    "AuthBypass": {
      "Settings": false
    },
    "AutoDisable": {
      "Settings": false
    },
    "AutoHypixel": {
      "Settings": false
    },
    "AutoKit": {
      "Settings": false
    },
    "AutoLogin": {
      "Settings": false
    },
    "AutoPlay": {
      "Settings": false
    },
    "BanChecker": {
      "Settings": false
    },
    "HoverDetails": {
      "Settings": true
    },
    "LagBack": {
      "Settings": false
    },
    "MidClick": {
      "Settings": false
    },
    "NameProtect": {
      "Settings": false
    },
    "NoInvClose": {
      "Settings": false
    },
    "NoRotateSet": {
      "Settings": false
    },
    "PackSpoofer": {
      "Settings": false
    },
    "PacketDebugger": {
      "Settings": false
    },
    "PacketFix": {
      "Settings": false
    },
    "Patcher": {
      "Settings": false
    },
    "Spammer": {
      "Settings": false
    },
    "SpinBot": {
      "Settings": false
    },
    "Teams": {
      "Settings": false
    }
  },
  "Exploit": {
    "open": true,
    "visible": true,
    "posX": 875,
    "posY": 175,
    "AbortBreaking": {
      "Settings": false
    },
    "AntiHunger": {
      "Settings": false
    },
    "BedGodMode": {
      "Settings": false
    },
    "Clip": {
      "Settings": false
    },
    "ConsoleSpammer": {
      "Settings": true
    },
    "CustomDisabler": {
      "Settings": true
    },
    "Damage": {
      "Settings": false
    },
    "Disabler": {
      "Settings": false
    },
    "FakeLag": {
      "Settings": true
    },
    "Ghost": {
      "Settings": false
    },
    "GhostHand": {
      "Settings": false
    },
    "GodMode": {
      "Settings": false
    },
    "ItemTeleport": {
      "Settings": false
    },
    "KeepContainer": {
      "Settings": false
    },
    "Kick": {
      "Settings": false
    },
    "MultiActions": {
      "Settings": false
    },
    "PacketFixer": {
      "Settings": false
    },
    "Phase": {
      "Settings": false
    },
    "PingSpoof": {
      "Settings": false
    },
    "Plugins": {
      "Settings": false
    },
    "PortalMenu": {
      "Settings": false
    },
    "ResetVL": {
      "Settings": false
    },
    "ServerCrasher": {
      "Settings": false
    },
    "Suicide": {
      "Settings": false
    },
    "Teleport": {
      "Settings": false
    },
    "VehicleOneHit": {
      "Settings": false
    }
  },
  "Color": {
    "open": false,
    "visible": true,
    "posX": 290,
    "posY": 63,
    "ColorMixer": {
      "Settings": true
    }
  },
  "Targets": {
    "open": true,
    "visible": true,
    "posX": 45,
    "posY": 207
  },
  "Combat": {
    "open": true,
    "visible": true,
    "posX": 185,
    "posY": 90,
    "Aimbot": {
      "Settings": false
    },
    "AntiFireBall": {
      "Settings": false
    },
    "AttackCritical": {
      "Settings": false
    },
    "Aura": {
      "Settings": false
    },
    "AutoArmor": {
      "Settings": false
    },
    "AutoBow": {
      "Settings": false
    },
    "AutoClicker": {
      "Settings": false
    },
    "AutoLeave": {
      "Settings": false
    },
    "AutoPot": {
      "Settings": false
    },
    "AutoSoup": {
      "Settings": false
    },
    "AutoWeapon": {
      "Settings": false
    },
    "BowAimbot": {
      "Settings": false
    },
    "ComboOneHit": {
      "Settings": false
    },
    "Criticals": {
      "Settings": false
    },
    "Criticals2": {
      "Settings": false
    },
    "FastBow": {
      "Settings": false
    },
    "FlyKing": {
      "Settings": false
    },
    "HitBox": {
      "Settings": false
    },
    "Ignite": {
      "Settings": false
    },
    "NoFriends": {
      "Settings": false
    },
    "SuicideHelper": {
      "Settings": false
    },
    "SuperKnockback": {
      "Settings": false
    },
    "TNTBlock": {
      "Settings": false
    },
    "TeleportAura": {
      "Settings": false
    },
    "Velocity": {
      "Settings": true
    },
    "sheild": {
      "Settings": true
    }
  }
}
